{
    "rmse": 0.6830849913427522,
    "mae": 0.5427513782918107,
    "r2": 0.23172815164768257
}