{
    "rmse": 0.7385932185516414,
    "mae": 0.58078034738063,
    "r2": 0.20870330361115064
}