{
    "rmse": 0.7133241132819624,
    "mae": 0.5589642561891749,
    "r2": 0.2259281531322116
}