{
    "rmse": 0.7077652312276322,
    "mae": 0.5670825612419488,
    "r2": 0.26222376002841985
}