{
    "rmse": 0.7323797351935539,
    "mae": 0.5693143388725089,
    "r2": 0.228445197440023
}